{"cameraMode":{"drawMode":0,"name":"Shaded","section":"Shading Mode"},"sceneLighting":true,"audioPlay":false,"sceneViewState":{"showFog":true,"showMaterialUpdate":false,"showSkybox":true,"showFlares":true,"showImageEffects":true,"showParticleSystems":true,"showVisualEffectGraphs":true,"m_FxEnabled":true},"in2DMode":false,"pivot":{"x":9.84210205078125,"y":7.971538543701172,"z":15.607558250427246},"rotation":{"x":-0.003647355129942298,"y":-0.49182674288749697,"z":-0.0020625642500817777,"w":0.870688796043396},"size":12.162248611450196,"orthographic":false}